{"stats":{"minecraft:killed_by":{"minecraft:spider":1,"spore:inf_player":1,"spore:howler":1,"spore:leaper":1},"minecraft:dropped":{"minecraft:wheat_seeds":1,"minecraft:cooked_beef":2,"minecraft:iron_helmet":2,"minecraft:cobblestone":8,"minecraft:leather":2,"minecraft:copper_ingot":7,"minecraft:stick":1,"minecraft:dirt":3,"minecraft:gray_wool":1,"minecraft:diorite":2,"minecraft:iron_leggings":2,"gravestone:obituary":7,"tacz:modern_kinetic_gun":1,"minecraft:phantom_membrane":2,"minecraft:string":2,"minecraft:pink_petals":2,"minecraft:white_wool":4,"spore:claw_fragment":4,"minecraft:bone":3,"minecraft:gravel":1,"minecraft:rotten_flesh":4,"minecraft:iron_boots":3,"minecraft:iron_chestplate":2,"minecraft:andesite":1,"k_turrets:raw_titanium":4,"minecraft:oak_sapling":2,"minecraft:spider_eye":3,"minecraft:arrow":3},"minecraft:custom":{"minecraft:mob_kills":66,"minecraft:interact_with_anvil":1,"minecraft:interact_with_crafting_table":18,"minecraft:open_barrel":3,"minecraft:leave_game":3,"minecraft:time_since_death":21286,"minecraft:climb_one_cm":18291,"minecraft:sprint_one_cm":434411,"minecraft:walk_one_cm":759839,"minecraft:drop":45,"minecraft:play_time":157713,"minecraft:deaths":4,"minecraft:sneak_time":2391,"minecraft:walk_under_water_one_cm":7521,"minecraft:jump":1762,"minecraft:walk_on_water_one_cm":14559,"minecraft:total_world_time":157713,"minecraft:interact_with_furnace":48,"minecraft:time_since_rest":21387,"minecraft:waystone_activated":1,"minecraft:damage_taken":2087,"minecraft:damage_dealt":651,"minecraft:swim_one_cm":516,"minecraft:fly_one_cm":302691,"minecraft:player_kills":1,"minecraft:open_chest":15,"minecraft:crouch_one_cm":9392,"minecraft:fall_one_cm":39930},"minecraft:crafted":{"minecraft:oak_planks":16,"minecraft:cooked_chicken":1,"minecraft:furnace":1,"minecraft:cooked_mutton":7,"minecraft:iron_boots":3,"minecraft:stone_pickaxe":1,"minecraft:cooked_beef":8,"minecraft:crafting_table":4,"minecraft:wooden_pickaxe":1,"minecraft:iron_helmet":3,"minecraft:cooked_salmon":5,"minecraft:iron_chestplate":3,"minecraft:iron_ingot":10,"minecraft:iron_leggings":2},"minecraft:broken":{"minecraft:stone_pickaxe":1},"minecraft:killed":{"minecraft:spider":5,"minecraft:phantom":2,"minecraft:skeleton":8,"minecraft:chicken":1,"minecraft:pig":1,"spore:inf_player":2,"minecraft:salmon":5,"minecraft:creeper":4,"spore:inf_pillager":2,"minecraft:sheep":6,"spore:inf_human":11,"minecraft:zombie":6,"spore:inf_witch":2,"spore:howler":1,"minecraft:cow":9,"minecraft:enderman":1},"minecraft:mined":{"minecraft:glow_lichen":1,"gravestone:gravestone":4,"minecraft:grass_block":2,"graveyard:skull_on_pike":1,"minecraft:spruce_leaves":1,"minecraft:furnace":1,"minecraft:iron_ore":8,"minecraft:andesite":1,"minecraft:stone":39,"horror_element_mod:beheaded_body":1,"minecraft:crafting_table":1,"minecraft:tall_grass":4,"minecraft:copper_ore":2,"minecraft:diorite":5,"minecraft:wall_torch":2,"minecraft:birch_log":1,"k_turrets:titanium_ore":4,"minecraft:grass":3,"minecraft:oak_log":4,"minecraft:coal_ore":12,"minecraft:dirt":1,"minecraft:oak_leaves":3},"minecraft:used":{"minecraft:cherry_sapling":1,"minecraft:iron_bars":1,"minecraft:enchanting_table":1,"minecraft:cooked_salmon":5,"minecraft:cooked_chicken":1,"minecraft:rotten_flesh":8,"minecraft:torch":2,"minecraft:dirt":4,"minecraft:mutton":3,"minecraft:cobblestone_wall":3,"minecraft:iron_helmet":1,"minecraft:barrel":2,"minecraft:melon_seeds":2,"minecraft:beef":10,"minecraft:furnace":2,"minecraft:beetroot_seeds":3,"minecraft:egg":1,"minecraft:iron_leggings":1,"minecraft:cooked_mutton":7,"minecraft:stone_pickaxe":107,"minecraft:wooden_pickaxe":5,"minecraft:crafting_table":5,"minecraft:pumpkin_seeds":2,"minecraft:bread":1,"minecraft:oak_button":1,"minecraft:cobblestone":19,"minecraft:porkchop":2,"minecraft:splash_potion":1},"minecraft:picked_up":{"spore:mutated_heart":1,"minecraft:crafting_table":1,"minecraft:splash_potion":1,"minecraft:chicken":1,"gravestone:obituary":7,"minecraft:raw_copper":8,"minecraft:string":6,"minecraft:iron_leggings":1,"tacz:ammo":543,"minecraft:beef":18,"minecraft:egg":1,"minecraft:furnace":1,"minecraft:phantom_membrane":2,"minecraft:iron_boots":1,"minecraft:stick":5,"minecraft:raw_iron":10,"minecraft:copper_ingot":7,"minecraft:torch":3,"minecraft:porkchop":2,"tacz:attachment":1,"minecraft:diorite":2,"minecraft:arrow":6,"minecraft:rotten_flesh":12,"k_turrets:raw_titanium":6,"minecraft:mutton":10,"minecraft:iron_bars":1,"minecraft:white_wool":4,"minecraft:cobblestone":39,"minecraft:enchanting_table":1,"minecraft:pink_petals":2,"minecraft:feather":2,"minecraft:andesite":1,"minecraft:salmon":5,"minecraft:leather":13,"minecraft:birch_planks":9,"minecraft:oak_log":4,"minecraft:cobblestone_wall":3,"minecraft:gunpowder":3,"minecraft:dirt":7,"minecraft:bone":8,"minecraft:stone_bricks":1,"minecraft:bow":3,"minecraft:wheat_seeds":1,"minecraft:iron_ingot":45,"spore:mutated_fiber":17,"minecraft:glowstone_dust":2,"spore:cerebrum":1,"spore:armor_fragment":8,"minecraft:gravel":1,"minecraft:spider_eye":4,"minecraft:light_gray_terracotta":9,"spore:claw_fragment":4,"tacz:modern_kinetic_gun":4,"minecraft:cherry_sapling":1,"minecraft:gray_wool":1,"minecraft:oak_button":1,"minecraft:oak_sapling":5,"minecraft:coal":9,"minecraft:ender_pearl":1}},"DataVersion":3465}