{"stats":{"minecraft:killed_by":{"spore:busser":1,"minecraft:creeper":3,"spore:inf_human":2,"spore:inf_wanderer":3,"spore:inf_pillager":3,"spore:inf_player":5,"spore:inf_villager":1,"minecraft:skeleton":3,"minecraft:zombie":1,"spore:inf_witch":1},"minecraft:dropped":{"minecraft:dirt":13,"gravestone:obituary":12,"minecraft:bone":2,"minecraft:chest":4},"minecraft:custom":{"minecraft:mob_kills":62,"minecraft:open_barrel":1,"minecraft:interact_with_crafting_table":47,"minecraft:leave_game":1,"minecraft:time_since_death":114,"minecraft:climb_one_cm":19986,"minecraft:sprint_one_cm":537014,"minecraft:walk_one_cm":1355594,"minecraft:drop":18,"minecraft:play_time":204268,"minecraft:deaths":24,"minecraft:sneak_time":245,"minecraft:walk_under_water_one_cm":31694,"minecraft:interact_with_lectern":1,"minecraft:jump":1565,"minecraft:walk_on_water_one_cm":28295,"minecraft:total_world_time":204268,"minecraft:interact_with_furnace":38,"minecraft:sleep_in_bed":4,"minecraft:time_since_rest":140,"minecraft:waystone_activated":1,"minecraft:damage_taken":8170,"minecraft:damage_dealt":5314,"minecraft:swim_one_cm":27657,"minecraft:fly_one_cm":135072,"minecraft:crouch_one_cm":1225,"minecraft:open_chest":44,"minecraft:fall_one_cm":33876},"minecraft:crafted":{"minecraft:cherry_planks":424,"spore:claw":4,"minecraft:stone_shovel":3,"minecraft:cooked_chicken":1,"minecraft:furnace":3,"minecraft:cooked_mutton":7,"minecraft:iron_boots":1,"spore:fleshy_bone":2,"minecraft:chest":4,"minecraft:stone_hoe":1,"minecraft:cooked_beef":7,"spore:living_core":1,"minecraft:crafting_table":4,"minecraft:wooden_pickaxe":1,"minecraft:iron_helmet":1,"minecraft:iron_sword":1,"minecraft:cooked_salmon":4,"minecraft:copper_ingot":11,"minecraft:bucket":1,"minecraft:birch_planks":16,"minecraft:campfire":1,"minecraft:stone_axe":4,"minecraft:iron_chestplate":1,"minecraft:stick":8,"minecraft:iron_ingot":9,"minecraft:iron_pickaxe":1,"minecraft:cherry_door":3,"minecraft:iron_leggings":1,"minecraft:white_bed":1,"spore:scythe":1},"minecraft:broken":{"minecraft:golden_shovel":1,"minecraft:wooden_pickaxe":1,"minecraft:stone_axe":4,"minecraft:iron_pickaxe":1,"minecraft:stone_shovel":2},"minecraft:killed":{"minecraft:spider":1,"minecraft:skeleton":5,"minecraft:chicken":2,"minecraft:drowned":1,"minecraft:pig":2,"spore:inf_player":1,"spore:inf_wanderer":2,"minecraft:salmon":9,"minecraft:creeper":1,"spore:inf_pillager":4,"minecraft:sheep":4,"spore:inf_villager":1,"minecraft:zombie":11,"spore:inf_human":9,"minecraft:cow":7},"minecraft:mined":{"minecraft:deepslate_tiles":3,"minecraft:blue_stained_glass_pane":3,"minecraft:cherry_log":105,"minecraft:cherry_sapling":1,"minecraft:granite":17,"gravestone:gravestone":18,"minecraft:grass_block":294,"minecraft:furnace":2,"minecraft:iron_ore":9,"minecraft:andesite":2,"minecraft:peony":1,"minecraft:enchanting_table":2,"minecraft:bookshelf":13,"minecraft:stone":163,"minecraft:glass_pane":11,"minecraft:cherry_planks":137,"horror_element_mod:dead_pig":1,"minecraft:blue_stained_glass":2,"minecraft:crafting_table":3,"minecraft:torch":1,"minecraft:copper_ore":10,"minecraft:pink_petals":5,"minecraft:birch_log":42,"minecraft:wheat":5,"minecraft:birch_leaves":4,"minecraft:cherry_door":1,"minecraft:grass":85,"k_turrets:titanium_ore":6,"minecraft:cracked_deepslate_tiles":1,"minecraft:coal_ore":80,"minecraft:oak_log":160,"horror_element_mod:dead_cow":1,"minecraft:cherry_leaves":60,"minecraft:dirt":44,"minecraft:sand":45,"minecraft:stone_bricks":7,"minecraft:mossy_stone_bricks":1,"minecraft:oak_leaves":61},"minecraft:used":{"minecraft:cherry_sapling":13,"spore:scythe":98,"minecraft:stone_shovel":316,"minecraft:chest":2,"minecraft:iron_sword":106,"minecraft:cooked_salmon":4,"minecraft:stone_hoe":83,"minecraft:cooked_chicken":1,"minecraft:dirt":115,"minecraft:golden_shovel":32,"minecraft:granite":2,"minecraft:grass_block":2,"minecraft:stone_bricks":2,"minecraft:bow":1,"minecraft:furnace":5,"minecraft:egg":1,"minecraft:cooked_beef":9,"minecraft:iron_leggings":1,"minecraft:wheat_seeds":17,"minecraft:cooked_mutton":6,"minecraft:mossy_stone_bricks":1,"minecraft:water_bucket":4,"minecraft:wooden_pickaxe":59,"minecraft:cherry_planks":457,"minecraft:salmon":3,"minecraft:crafting_table":5,"minecraft:campfire":1,"minecraft:white_bed":1,"minecraft:apple":6,"minecraft:cherry_door":1,"minecraft:chicken":1,"minecraft:iron_pickaxe":249,"minecraft:stone_axe":526,"minecraft:cobblestone":6,"minecraft:bucket":4},"minecraft:picked_up":{"spore:mutated_heart":3,"minecraft:crafting_table":2,"minecraft:wheat":3,"minecraft:chicken":2,"gravestone:obituary":8,"minecraft:string":2,"minecraft:raw_copper":42,"tacz:ammo":180,"minecraft:deepslate_tiles":2,"minecraft:beef":14,"minecraft:chest":2,"minecraft:birch_sapling":11,"minecraft:furnace":2,"minecraft:egg":1,"minecraft:stick":77,"minecraft:raw_iron":9,"minecraft:torch":1,"minecraft:porkchop":5,"minecraft:cherry_log":104,"minecraft:arrow":13,"minecraft:rotten_flesh":30,"k_turrets:raw_titanium":6,"minecraft:mutton":7,"minecraft:white_wool":8,"minecraft:cobblestone":161,"minecraft:cracked_deepslate_tiles":1,"minecraft:birch_log":42,"minecraft:enchanting_table":2,"minecraft:pink_petals":8,"minecraft:feather":4,"minecraft:cooked_beef":2,"minecraft:cherry_planks":136,"minecraft:andesite":2,"minecraft:salmon":9,"minecraft:leather":4,"minecraft:birch_planks":8,"minecraft:oak_log":159,"minecraft:gunpowder":4,"minecraft:cherry_door":1,"minecraft:dirt":310,"minecraft:bone":12,"minecraft:apple":6,"minecraft:stone_bricks":9,"minecraft:bow":1,"minecraft:wheat_seeds":17,"minecraft:iron_ingot":5,"spore:mutated_fiber":46,"minecraft:mossy_stone_bricks":3,"minecraft:acacia_sapling":2,"minecraft:book":39,"spore:cerebrum":4,"minecraft:cooked_porkchop":1,"spore:armor_fragment":5,"minecraft:sand":43,"minecraft:grass_block":4,"spore:claw_fragment":11,"tacz:modern_kinetic_gun":4,"minecraft:cherry_wood":2,"minecraft:granite":17,"minecraft:cherry_sapling":28,"minecraft:bone_meal":2,"minecraft:emerald":4,"spore:spine_fragment":2,"minecraft:oak_sapling":61,"minecraft:coal":90}},"DataVersion":3465}