{"stats":{"minecraft:picked_up":{"minecraft:rotten_flesh":2,"minecraft:gold_nugget":4,"minecraft:red_mushroom":1,"minecraft:porkchop":5,"minecraft:mutton":4,"minecraft:white_wool":2,"minecraft:cobblestone":5},"minecraft:used":{"minecraft:magenta_wool":21,"minecraft:flint_and_steel":5,"minecraft:tnt":215,"minecraft:blue_wool":20,"minecraft:purple_wool":5,"minecraft:pink_wool":9,"minecraft:obsidian":27},"minecraft:mined":{"minecraft:oak_leaves":4},"minecraft:killed":{"minecraft:sheep":3,"minecraft:horse":1,"minecraft:piglin":2,"minecraft:pig":4,"minecraft:zombified_piglin":17,"minecraft:strider":1,"minecraft:chicken":1,"minecraft:ghast":3,"minecraft:enderman":1,"minecraft:cow":1},"minecraft:custom":{"minecraft:time_since_rest":25257,"minecraft:open_chest":1,"minecraft:crouch_one_cm":779,"minecraft:play_time":33565,"minecraft:sprint_one_cm":1609,"minecraft:deaths":1,"minecraft:damage_taken":255,"minecraft:walk_one_cm":36608,"minecraft:sneak_time":694,"minecraft:walk_under_water_one_cm":252,"minecraft:mob_kills":34,"minecraft:jump":49,"minecraft:leave_game":1,"minecraft:walk_on_water_one_cm":938,"minecraft:time_since_death":25228,"minecraft:total_world_time":33565,"minecraft:fall_one_cm":1442,"minecraft:fly_one_cm":373647}},"DataVersion":3465}