{"stats":{"minecraft:used":{"minecraft:rotten_flesh":2,"minecraft:golden_apple":6,"minecraft:dark_oak_door":2},"minecraft:custom":{"minecraft:time_since_rest":6536,"minecraft:interact_with_furnace":2,"minecraft:sprint_one_cm":92147,"minecraft:damage_absorbed":160,"minecraft:damage_taken":2035,"minecraft:walk_one_cm":155624,"minecraft:mob_kills":42,"minecraft:drop":9,"minecraft:damage_dealt":74,"minecraft:swim_one_cm":2823,"minecraft:fly_one_cm":282127,"minecraft:open_chest":17,"minecraft:crouch_one_cm":1114,"minecraft:play_time":33788,"minecraft:deaths":5,"minecraft:sneak_time":747,"minecraft:walk_under_water_one_cm":1969,"minecraft:jump":377,"minecraft:leave_game":1,"minecraft:walk_on_water_one_cm":7144,"minecraft:time_since_death":6485,"minecraft:climb_one_cm":5245,"minecraft:total_world_time":33788,"minecraft:fall_one_cm":7172},"minecraft:killed":{"spore:inf_pillager":1,"minecraft:skeleton":2,"spore:inf_villager":1,"minecraft:zombie":12,"spore:inf_human":8,"spore:inf_wanderer":1,"minecraft:spider":10,"k_turrets:gauss_turret":2,"minecraft:camel":1,"minecraft:creeper":4},"minecraft:mined":{"minecraft:light_blue_stained_glass":1,"minecraft:glass_pane":1,"horror_element_mod:beheaded_body":1,"gravestone:gravestone":2},"minecraft:killed_by":{"k_turrets:gauss_turret":2,"minecraft:skeleton":2,"spore:inf_pillager":1},"minecraft:picked_up":{"minecraft:ladder":2,"minecraft:sand":1,"gravestone:obituary":1,"minecraft:spider_eye":1,"minecraft:string":6,"minecraft:arrow":5,"minecraft:bone":6,"minecraft:rotten_flesh":11,"spore:spine_fragment":2,"minecraft:dark_oak_door":1},"minecraft:dropped":{"minecraft:dark_oak_door":1,"gravestone:obituary":6,"minecraft:sand":1,"minecraft:string":1}},"DataVersion":3465}