{"stats":{"minecraft:killed_by":{"k_turrets:gauss_turret":2,"spore:inf_pillager":1,"minecraft:skeleton":3,"spore:howler":1,"spore:leaper":1},"minecraft:custom":{"minecraft:mob_kills":104,"minecraft:open_barrel":1,"minecraft:interact_with_crafting_table":49,"minecraft:leave_game":4,"minecraft:time_since_death":25289,"minecraft:climb_one_cm":15576,"minecraft:sprint_one_cm":292432,"minecraft:walk_one_cm":833870,"minecraft:drop":90,"minecraft:play_time":194817,"minecraft:deaths":8,"minecraft:sneak_time":4760,"minecraft:walk_under_water_one_cm":31057,"minecraft:interact_with_lectern":1,"minecraft:jump":1727,"minecraft:walk_on_water_one_cm":24164,"minecraft:total_world_time":194817,"minecraft:interact_with_furnace":125,"minecraft:sleep_in_bed":1,"minecraft:time_since_rest":25347,"minecraft:waystone_activated":1,"minecraft:damage_taken":4833,"minecraft:damage_absorbed":200,"minecraft:damage_dealt":2872,"minecraft:swim_one_cm":7446,"minecraft:fly_one_cm":398801,"minecraft:open_chest":46,"minecraft:crouch_one_cm":16100,"minecraft:fall_one_cm":37851},"minecraft:dropped":{"minecraft:iron_ingot":30,"minecraft:wheat_seeds":8,"minecraft:cooked_beef":2,"minecraft:cobblestone":48,"minecraft:granite":16,"minecraft:copper_ingot":10,"minecraft:stick":10,"minecraft:emerald":4,"minecraft:diorite":6,"minecraft:torch":33,"minecraft:wooden_axe":1,"gravestone:obituary":11,"tacz:modern_kinetic_gun":2,"minecraft:phantom_membrane":1,"minecraft:sand":1,"minecraft:iron_pickaxe":4,"minecraft:string":1,"minecraft:acacia_planks":2,"minecraft:bone":9,"minecraft:dark_oak_door":1,"minecraft:cobbled_deepslate":2,"minecraft:oak_planks":72,"minecraft:gunpowder":2,"minecraft:andesite":3,"minecraft:acacia_sapling":1,"minecraft:oak_sapling":1,"minecraft:spider_eye":1,"minecraft:stone_bricks":4,"minecraft:wooden_pickaxe":1,"minecraft:stone_pickaxe":1},"minecraft:crafted":{"minecraft:cherry_planks":12,"minecraft:oak_planks":188,"minecraft:cobblestone_slab":54,"minecraft:oak_pressure_plate":4,"minecraft:furnace":2,"minecraft:cobblestone_stairs":4,"minecraft:stone":64,"minecraft:lever":2,"minecraft:oak_trapdoor":4,"minecraft:iron_boots":1,"minecraft:ladder":9,"minecraft:stone_pickaxe":2,"minecraft:iron_door":3,"minecraft:stone_hoe":1,"minecraft:cooked_beef":13,"minecraft:oak_slab":30,"minecraft:wooden_pickaxe":1,"minecraft:iron_helmet":1,"minecraft:iron_sword":1,"minecraft:cooked_salmon":11,"minecraft:copper_ingot":99,"minecraft:birch_planks":4,"minecraft:stone_axe":1,"minecraft:air":0,"minecraft:iron_chestplate":1,"minecraft:stick":76,"minecraft:stone_slab":12,"minecraft:iron_ingot":92,"minecraft:iron_pickaxe":5,"minecraft:wooden_axe":1,"minecraft:iron_shovel":1,"minecraft:iron_leggings":1,"minecraft:acacia_planks":8,"minecraft:torch":56},"minecraft:broken":{"minecraft:stone_pickaxe":1},"minecraft:killed":{"minecraft:cave_spider":3,"minecraft:spider":10,"minecraft:phantom":2,"minecraft:skeleton":10,"minecraft:camel":1,"graveyard:ghoul":1,"spore:inf_wanderer":2,"minecraft:salmon":19,"minecraft:bat":1,"minecraft:creeper":12,"spore:inf_pillager":2,"spore:inf_villager":1,"spore:inf_human":10,"minecraft:zombie":20,"spore:inf_witch":1,"k_turrets:gauss_turret":2,"minecraft:cow":6},"minecraft:mined":{"minecraft:cobblestone_stairs":2,"minecraft:cherry_log":8,"minecraft:lever":2,"minecraft:ladder":2,"gravestone:gravestone":5,"minecraft:granite":21,"minecraft:acacia_log":2,"minecraft:grass_block":34,"minecraft:oak_pressure_plate":1,"minecraft:light_blue_stained_glass":1,"minecraft:tall_seagrass":1,"minecraft:furnace":6,"minecraft:iron_ore":89,"minecraft:andesite":35,"minecraft:deepslate_lapis_ore":1,"minecraft:deepslate_iron_ore":4,"minecraft:stripped_oak_log":1,"minecraft:stone":362,"minecraft:oak_slab":2,"minecraft:acacia_leaves":13,"minecraft:glass_pane":1,"horror_element_mod:beheaded_body":1,"minecraft:amethyst_cluster":3,"minecraft:crafting_table":10,"minecraft:torch":2,"minecraft:calcite":7,"minecraft:stone_slab":1,"minecraft:tall_grass":4,"minecraft:copper_ore":44,"minecraft:cobblestone":14,"minecraft:lapis_ore":2,"minecraft:deepslate_gold_ore":1,"minecraft:oak_planks":5,"minecraft:diorite":7,"minecraft:iron_door":7,"minecraft:wall_torch":5,"minecraft:amethyst_block":10,"minecraft:cobblestone_wall":1,"minecraft:birch_log":21,"k_turrets:titanium_ore":16,"minecraft:grass":92,"minecraft:oak_log":48,"minecraft:coal_ore":60,"minecraft:dirt":9,"minecraft:cobweb":9,"minecraft:stone_bricks":4,"minecraft:gold_ore":1,"minecraft:oak_leaves":17,"minecraft:deepslate":2,"spore:remains":1},"minecraft:used":{"minecraft:oak_trapdoor":4,"minecraft:iron_shovel":28,"minecraft:ladder":11,"minecraft:chest":2,"minecraft:stone":56,"minecraft:iron_sword":50,"minecraft:stone_hoe":34,"minecraft:cooked_salmon":7,"minecraft:rotten_flesh":5,"minecraft:torch":24,"minecraft:dirt":36,"minecraft:cobblestone_wall":1,"minecraft:granite":2,"minecraft:wooden_axe":47,"minecraft:iron_boots":1,"minecraft:oak_sapling":1,"minecraft:furnace":8,"minecraft:egg":3,"minecraft:cooked_beef":13,"minecraft:wheat_seeds":1,"minecraft:diorite":1,"minecraft:cobblestone_stairs":3,"minecraft:birch_planks":17,"minecraft:stone_pickaxe":229,"minecraft:oak_planks":5,"minecraft:wooden_pickaxe":41,"minecraft:cobblestone_slab":22,"minecraft:golden_apple":7,"minecraft:glow_berries":16,"minecraft:oak_slab":30,"minecraft:crafting_table":9,"minecraft:dark_oak_door":2,"minecraft:oak_log":4,"minecraft:lever":3,"minecraft:apple":1,"minecraft:bread":2,"minecraft:iron_pickaxe":432,"minecraft:stone_slab":12,"minecraft:oak_pressure_plate":5,"minecraft:iron_door":7,"minecraft:stone_axe":56,"minecraft:cobblestone":73,"minecraft:andesite":2,"minecraft:birch_log":1},"minecraft:picked_up":{"minecraft:crafting_table":10,"minecraft:ladder":4,"gravestone:obituary":4,"minecraft:string":15,"minecraft:raw_copper":192,"tacz:ammo":396,"minecraft:cobbled_deepslate":2,"minecraft:beef":11,"minecraft:iron_pickaxe":1,"minecraft:chest":2,"minecraft:dark_oak_door":1,"minecraft:furnace":6,"minecraft:phantom_membrane":1,"minecraft:egg":3,"minecraft:raw_iron":93,"minecraft:copper_ingot":10,"minecraft:torch":7,"minecraft:acacia_log":2,"minecraft:cherry_log":9,"minecraft:diorite":7,"minecraft:arrow":12,"minecraft:rotten_flesh":14,"k_turrets:raw_titanium":16,"minecraft:cobblestone":409,"minecraft:stripped_oak_log":1,"minecraft:birch_log":21,"minecraft:cooked_beef":2,"minecraft:iron_door":5,"minecraft:andesite":32,"minecraft:salmon":11,"minecraft:leather":3,"minecraft:birch_planks":16,"minecraft:oak_log":50,"minecraft:cobblestone_wall":1,"minecraft:gunpowder":7,"minecraft:cobblestone_stairs":2,"minecraft:lapis_lazuli":16,"minecraft:dirt":37,"minecraft:bone":20,"minecraft:acacia_planks":2,"minecraft:apple":1,"minecraft:stone_bricks":4,"minecraft:bow":1,"minecraft:wheat_seeds":10,"minecraft:raw_gold":2,"minecraft:iron_ingot":1,"spore:mutated_fiber":8,"minecraft:acacia_sapling":2,"minecraft:oak_planks":5,"minecraft:oak_slab":2,"spore:cerebrum":1,"minecraft:oak_pressure_plate":1,"minecraft:sand":1,"minecraft:amethyst_shard":8,"minecraft:spider_eye":2,"tacz:modern_kinetic_gun":4,"minecraft:lever":3,"minecraft:granite":35,"minecraft:bone_meal":1,"minecraft:emerald":1,"minecraft:bread":2,"spore:spine_fragment":2,"minecraft:oak_sapling":2,"minecraft:coal":78}},"DataVersion":3465}