{"stats":{"minecraft:picked_up":{"minecraft:leather":3,"minecraft:pointed_dripstone":1,"minecraft:grass_block":1,"minecraft:gunpowder":8,"minecraft:string":1,"minecraft:arrow":6,"minecraft:bone":2,"minecraft:rotten_flesh":5,"minecraft:wheat_seeds":6,"tacz:modern_kinetic_gun":4,"minecraft:beef":6,"minecraft:mutton":10,"minecraft:white_wool":7},"minecraft:dropped":{"tacz:modern_kinetic_gun":4,"tacz:attachment":1},"minecraft:killed":{"minecraft:sheep":13,"minecraft:horse":1,"minecraft:skeleton":10,"minecraft:pillager":2,"minecraft:donkey":1,"minecraft:zombie":14,"minecraft:pig":7,"minecraft:zombie_villager":1,"minecraft:chicken":3,"minecraft:salmon":2,"minecraft:spider":3,"minecraft:iron_golem":1,"minecraft:creeper":10,"minecraft:enderman":1,"minecraft:cow":10},"minecraft:custom":{"minecraft:time_since_rest":45831,"minecraft:interact_with_smithing_table":1,"minecraft:sprint_one_cm":63465,"minecraft:walk_one_cm":114763,"minecraft:trigger_trapped_chest":3,"minecraft:mob_kills":79,"minecraft:drop":5,"minecraft:damage_dealt":9,"minecraft:talked_to_villager":6,"minecraft:fly_one_cm":478367,"minecraft:open_chest":4,"minecraft:crouch_one_cm":1692,"minecraft:play_time":45831,"minecraft:sneak_time":879,"minecraft:walk_under_water_one_cm":708,"minecraft:jump":350,"minecraft:leave_game":1,"minecraft:walk_on_water_one_cm":1278,"minecraft:time_since_death":45831,"minecraft:climb_one_cm":908,"minecraft:total_world_time":45831,"minecraft:fall_one_cm":215}},"DataVersion":3465}