{"stats":{"minecraft:killed_by":{"spore:busser":1,"minecraft:creeper":2,"spore:inf_human":2,"spore:inf_pillager":1,"minecraft:cave_spider":1,"minecraft:phantom":1},"minecraft:custom":{"minecraft:mob_kills":37,"minecraft:interact_with_crafting_table":31,"minecraft:interact_with_campfire":8,"minecraft:leave_game":2,"minecraft:time_since_death":1110,"minecraft:climb_one_cm":20503,"minecraft:sprint_one_cm":442291,"minecraft:walk_one_cm":663640,"minecraft:drop":39,"minecraft:play_time":201020,"minecraft:deaths":10,"minecraft:sneak_time":15423,"minecraft:walk_under_water_one_cm":16378,"minecraft:interact_with_lectern":1,"minecraft:jump":1440,"minecraft:walk_on_water_one_cm":15080,"minecraft:total_world_time":201020,"minecraft:interact_with_furnace":23,"minecraft:sleep_in_bed":7,"minecraft:time_since_rest":1172,"minecraft:waystone_activated":1,"minecraft:damage_taken":3610,"minecraft:damage_dealt":2212,"minecraft:swim_one_cm":43588,"minecraft:fly_one_cm":139721,"minecraft:open_chest":13,"minecraft:crouch_one_cm":44796,"minecraft:fall_one_cm":35620},"minecraft:dropped":{"minecraft:iron_ingot":2,"minecraft:bread":4,"minecraft:iron_sword":1,"minecraft:wheat_seeds":2,"minecraft:birch_planks":9,"minecraft:cherry_log":3,"minecraft:cooked_beef":2,"minecraft:minecart":1,"minecraft:coal":10,"minecraft:stick":21,"minecraft:emerald":1,"minecraft:cracked_deepslate_tiles":5,"horror_element_mod:blood_1":1,"minecraft:oak_stairs":4,"gravestone:obituary":11,"minecraft:phantom_membrane":1,"minecraft:iron_pickaxe":1,"minecraft:white_wool":4,"minecraft:acacia_planks":3,"minecraft:cherry_wood":2,"minecraft:diamond_block":64,"minecraft:cobblestone_wall":3,"minecraft:andesite":1,"minecraft:oak_sapling":4,"minecraft:wooden_pickaxe":1},"minecraft:crafted":{"minecraft:cherry_planks":8,"minecraft:oak_planks":164,"minecraft:cherry_wood":66,"minecraft:iron_nugget":27,"usefulbackpacks:backpack_small":1,"minecraft:raw_copper_block":19,"minecraft:cooked_mutton":3,"minecraft:oak_trapdoor":32,"minecraft:glass":32,"minecraft:iron_boots":1,"minecraft:iron_axe":1,"minecraft:ladder":21,"minecraft:iron_hoe":1,"minecraft:chest":1,"minecraft:quartz_slab":48,"minecraft:minecart":1,"minecraft:cooked_beef":6,"minecraft:crafting_table":4,"minecraft:wooden_pickaxe":1,"minecraft:iron_sword":2,"minecraft:bucket":1,"minecraft:birch_planks":36,"minecraft:air":0,"minecraft:iron_chestplate":1,"minecraft:stick":76,"minecraft:iron_ingot":9,"minecraft:oak_stairs":16,"minecraft:iron_pickaxe":1,"minecraft:wooden_axe":1,"minecraft:iron_shovel":1,"minecraft:iron_leggings":1,"minecraft:white_bed":1,"minecraft:acacia_planks":16},"minecraft:broken":{"minecraft:wooden_axe":1},"minecraft:killed":{"minecraft:cave_spider":3,"minecraft:skeleton":1,"minecraft:pig":3,"spore:inf_player":4,"minecraft:salmon":1,"minecraft:creeper":5,"minecraft:sheep":8,"spore:inf_villager":2,"minecraft:zombie":1,"spore:inf_human":2,"spore:inf_witch":2,"minecraft:enderman":1,"minecraft:cow":3},"minecraft:mined":{"minecraft:deepslate_tiles":17,"minecraft:white_bed":8,"minecraft:farmland":1,"minecraft:blue_stained_glass_pane":2,"minecraft:cherry_log":97,"minecraft:cherry_sapling":1,"gravestone:gravestone":8,"minecraft:ladder":3,"minecraft:granite":3,"minecraft:acacia_log":13,"minecraft:grass_block":32,"minecraft:cherry_wood":15,"minecraft:oak_trapdoor":15,"minecraft:furnace":4,"minecraft:iron_ore":9,"minecraft:oak_stairs":1,"minecraft:quartz_slab":8,"minecraft:stone":7,"minecraft:acacia_leaves":1,"minecraft:quartz_block":24,"minecraft:crafting_table":6,"minecraft:torch":1,"minecraft:emerald_ore":1,"minecraft:melon":1,"minecraft:copper_ore":49,"minecraft:cobblestone":1,"minecraft:oak_planks":15,"minecraft:sugar_cane":1,"minecraft:birch_planks":1,"minecraft:cobblestone_wall":3,"minecraft:birch_log":12,"minecraft:birch_leaves":2,"horror_element_mod:human_remains":1,"minecraft:smooth_stone_slab":37,"minecraft:grass":3,"minecraft:cracked_deepslate_tiles":5,"minecraft:coal_ore":12,"minecraft:oak_log":40,"minecraft:cherry_leaves":15,"minecraft:sand":85,"minecraft:sunflower":1,"minecraft:dirt":9,"minecraft:cobweb":1,"minecraft:stone_bricks":5,"minecraft:oak_leaves":2},"minecraft:used":{"minecraft:oak_trapdoor":45,"minecraft:cherry_sapling":4,"minecraft:cherry_wood":77,"minecraft:iron_shovel":114,"minecraft:ladder":16,"minecraft:chest":1,"minecraft:iron_sword":46,"minecraft:torch":4,"minecraft:dirt":55,"minecraft:iron_hoe":79,"minecraft:wooden_axe":56,"minecraft:quartz_slab":57,"minecraft:grass_block":1,"minecraft:iron_axe":177,"minecraft:oak_stairs":13,"minecraft:melon_seeds":3,"minecraft:light_gray_wool":1,"minecraft:oak_sapling":1,"minecraft:furnace":4,"minecraft:cooked_beef":5,"minecraft:cherry_log":6,"minecraft:cooked_mutton":6,"minecraft:water_bucket":2,"minecraft:oak_planks":31,"minecraft:wooden_pickaxe":1,"minecraft:sugar_cane":1,"minecraft:crafting_table":10,"minecraft:white_bed":9,"minecraft:deepslate_tiles":5,"minecraft:melon_slice":5,"minecraft:bread":1,"minecraft:iron_pickaxe":189,"minecraft:cobblestone":18,"minecraft:cooked_porkchop":3,"minecraft:bucket":2,"minecraft:smooth_stone_slab":12},"minecraft:picked_up":{"minecraft:crafting_table":7,"minecraft:ladder":4,"minecraft:wooden_pickaxe":1,"minecraft:oak_stairs":1,"horror_element_mod:blood_1":1,"gravestone:obituary":3,"minecraft:oak_trapdoor":13,"minecraft:string":3,"minecraft:raw_copper":172,"minecraft:smooth_stone_slab":74,"minecraft:quartz_slab":9,"tacz:ammo":72,"minecraft:deepslate_tiles":15,"minecraft:beef":7,"minecraft:iron_pickaxe":2,"minecraft:light_gray_wool":1,"minecraft:melon_slice":5,"minecraft:sugar_cane":1,"minecraft:phantom_membrane":1,"minecraft:furnace":4,"minecraft:stick":16,"minecraft:raw_iron":9,"minecraft:torch":5,"minecraft:acacia_log":13,"minecraft:porkchop":4,"minecraft:cherry_log":99,"minecraft:quartz_block":24,"minecraft:mutton":12,"minecraft:white_wool":7,"minecraft:cobblestone":18,"minecraft:cracked_deepslate_tiles":5,"minecraft:birch_log":12,"minecraft:cooked_beef":1,"minecraft:salmon":1,"minecraft:andesite":1,"minecraft:leather":4,"minecraft:birch_planks":1,"minecraft:oak_log":42,"minecraft:gunpowder":4,"minecraft:cobblestone_wall":3,"minecraft:dirt":55,"minecraft:cooked_mutton":3,"minecraft:stone_bricks":5,"minecraft:wheat_seeds":2,"minecraft:iron_ingot":29,"spore:mutated_fiber":1,"minecraft:oak_planks":15,"minecraft:book":3,"spore:cerebrum":1,"minecraft:cooked_porkchop":3,"minecraft:sand":84,"minecraft:white_bed":8,"minecraft:grass_block":1,"tacz:modern_kinetic_gun":1,"minecraft:cherry_wood":13,"minecraft:granite":3,"minecraft:cherry_sapling":23,"minecraft:emerald":1,"minecraft:oak_sapling":7,"minecraft:coal":12,"minecraft:sunflower":1,"minecraft:ender_pearl":1}},"DataVersion":3465}