{"stats":{"minecraft:used":{"graveyard:wither_torso_pile":3,"minecraft:mossy_stone_bricks":4,"minecraft:netherite_sword":7,"graveyard:skull_on_pike":5,"minecraft:iron_bars":2,"minecraft:dead_tube_coral_block":6,"horror_element_mod:scientist_body":2,"minecraft:birch_leaves":14,"minecraft:redstone":6,"horror_element_mod:phished_head":4,"minecraft:zombie_villager_spawn_egg":2,"minecraft:oak_sign":3,"tacz:gun_smith_table":20,"horror_element_mod:sliced_body":3,"k_turrets:gauss_turret_item":8,"minecraft:torch":8,"graveyard:skull_with_rib_cage":2,"horror_element_mod:chained_entity":2,"minecraft:piglin_head":2,"minecraft:weeping_vines":34,"graveyard:hanged_skeleton":7,"minecraft:oak_log":1,"horror_element_mod:human_remains":3,"minecraft:villager_spawn_egg":1,"minecraft:command_block":10,"minecraft:grass_block":9,"minecraft:oak_button":11,"minecraft:spawner":1,"minecraft:birch_hanging_sign":3,"horror_element_mod:hanging_corpse_1":2,"minecraft:gravel":15,"minecraft:stone_bricks":6,"flashlight:headlamp_helmet":4,"horror_element_mod:dead_pig":1,"horror_element_mod:hazzmat_body":3,"horror_element_mod:hanging_villager":5,"horror_element_mod:rotten_body":4,"minecraft:chain":1,"minecraft:smooth_stone_slab":11,"minecraft:dead_bubble_coral_block":12,"minecraft:oak_hanging_sign":1,"horror_element_mod:blood_1":13,"horror_element_mod:blood_3":7},"minecraft:killed":{"minecraft:creeper":3,"spore:inf_pillager":1,"minecraft:skeleton":3,"spore:inf_villager":1,"minecraft:zombie":5,"minecraft:villager":1},"minecraft:mined":{"minecraft:white_stained_glass":2,"minecraft:gravel":2},"minecraft:custom":{"minecraft:interact_with_furnace":4,"minecraft:mob_kills":15,"minecraft:leave_game":3,"minecraft:time_since_death":109816,"minecraft:climb_one_cm":7627,"minecraft:time_since_rest":109950,"minecraft:sprint_one_cm":110055,"minecraft:damage_taken":570,"minecraft:walk_one_cm":389232,"minecraft:drop":26,"minecraft:damage_dealt":733,"minecraft:swim_one_cm":3170,"minecraft:fly_one_cm":302424,"minecraft:open_chest":15,"minecraft:crouch_one_cm":4081,"minecraft:play_time":153506,"minecraft:deaths":5,"minecraft:sneak_time":1243,"minecraft:walk_under_water_one_cm":11295,"minecraft:interact_with_lectern":4,"minecraft:jump":382,"minecraft:walk_on_water_one_cm":5477,"minecraft:total_world_time":153506,"minecraft:fall_one_cm":4735},"minecraft:picked_up":{"spore:mutated_heart":1,"minecraft:golden_leggings":1,"spore:living_chest":1,"gravestone:obituary":1,"minecraft:golden_boots":1,"minecraft:gunpowder":11,"minecraft:string":1,"minecraft:bone":6,"spore:mutated_fiber":3,"minecraft:gravel":2,"minecraft:pumpkin_seeds":2,"minecraft:arrow":7,"minecraft:weeping_vines":11,"minecraft:rotten_flesh":6,"minecraft:beetroot_seeds":6,"tacz:modern_kinetic_gun":7,"minecraft:writable_book":1,"minecraft:saddle":1,"minecraft:oak_button":3,"minecraft:coal":2},"minecraft:dropped":{"minecraft:gravel":1,"minecraft:birch_leaves":1,"minecraft:weeping_vines":1,"spore:living_chest":1,"minecraft:gunpowder":2,"minecraft:golden_carrot":8,"gravestone:obituary":5,"tacz:modern_kinetic_gun":7,"spore:mutated_heart":1}},"DataVersion":3465}