{"stats":{"minecraft:used":{"minecraft:spawner":1},"minecraft:dropped":{"gravestone:obituary":2},"minecraft:custom":{"minecraft:jump":56,"minecraft:open_chest":11,"minecraft:time_since_rest":279,"minecraft:leave_game":1,"minecraft:crouch_one_cm":35,"minecraft:interact_with_furnace":4,"minecraft:sprint_one_cm":44300,"minecraft:play_time":12376,"minecraft:deaths":3,"minecraft:time_since_death":241,"minecraft:walk_one_cm":36298,"minecraft:sneak_time":92,"minecraft:climb_one_cm":5592,"minecraft:total_world_time":12376,"minecraft:drop":2,"minecraft:fly_one_cm":159565}},"DataVersion":3465}