{"stats":{"minecraft:killed_by":{"minecraft:player":1,"minecraft:spider":2,"spore:inf_human":2,"spore:inf_player":2},"minecraft:crafted":{"minecraft:cooked_chicken":2,"usefulbackpacks:backpack_small":1,"minecraft:furnace":1,"minecraft:stone_pickaxe":4,"minecraft:cooked_beef":2,"minecraft:cooked_porkchop":21,"minecraft:wooden_pickaxe":1,"minecraft:cooked_salmon":40,"minecraft:copper_ingot":67,"minecraft:acacia_button":1,"minecraft:air":0,"minecraft:stick":16,"minecraft:iron_ingot":8,"minecraft:stone_sword":1,"minecraft:acacia_planks":48,"minecraft:torch":32},"minecraft:custom":{"minecraft:interact_with_anvil":1,"minecraft:mob_kills":149,"minecraft:interact_with_crafting_table":18,"minecraft:open_barrel":2,"minecraft:leave_game":6,"minecraft:time_since_death":8491,"minecraft:climb_one_cm":25772,"minecraft:sprint_one_cm":353599,"minecraft:walk_one_cm":1632200,"minecraft:drop":125,"minecraft:play_time":380908,"minecraft:deaths":12,"minecraft:sneak_time":4327,"minecraft:walk_under_water_one_cm":55462,"minecraft:interact_with_lectern":5,"minecraft:jump":2477,"minecraft:walk_on_water_one_cm":39229,"minecraft:total_world_time":380908,"minecraft:interact_with_furnace":114,"minecraft:sleep_in_bed":3,"minecraft:time_since_rest":8538,"minecraft:waystone_activated":1,"minecraft:damage_taken":4245,"minecraft:damage_dealt":4879,"minecraft:swim_one_cm":59505,"minecraft:fly_one_cm":565662,"minecraft:open_chest":32,"minecraft:crouch_one_cm":13414,"minecraft:fall_one_cm":30093},"minecraft:dropped":{"minecraft:iron_ingot":78,"spore:spine_fragment":2,"minecraft:birch_leaves":1,"minecraft:oak_log":2,"minecraft:weeping_vines":3,"minecraft:copper_ingot":3,"minecraft:stick":4,"minecraft:cyan_terracotta":1,"minecraft:dirt":3,"spore:living_chest":1,"minecraft:diorite":9,"minecraft:golden_carrot":8,"minecraft:torch":5,"gravestone:obituary":8,"tacz:modern_kinetic_gun":9,"spore:mutated_heart":1,"minecraft:pink_petals":2,"minecraft:bone":6,"minecraft:gravel":3,"minecraft:oak_trapdoor":1,"minecraft:cherry_sapling":2,"minecraft:oak_planks":4,"minecraft:deepslate_tiles":2,"minecraft:gunpowder":8,"minecraft:andesite":5,"minecraft:acacia_sapling":1,"minecraft:oak_sapling":1,"k_turrets:raw_titanium":2,"minecraft:spider_eye":1,"tacz:ammo":303,"minecraft:arrow":1,"minecraft:bow":1,"minecraft:wooden_pickaxe":1},"minecraft:broken":{"minecraft:stone_pickaxe":3},"minecraft:killed":{"minecraft:spider":18,"spore:leaper":1,"minecraft:phantom":2,"minecraft:skeleton":12,"minecraft:horse":2,"minecraft:chicken":2,"minecraft:pig":10,"spore:inf_player":11,"minecraft:zombie_villager":1,"minecraft:salmon":46,"minecraft:creeper":10,"spore:inf_pillager":3,"minecraft:sheep":2,"spore:inf_villager":3,"sons_of_sins:betrayed_guzzler":2,"minecraft:zombie":7,"spore:inf_human":7,"spore:busser":1,"spore:knight":1,"minecraft:villager":2,"minecraft:cow":4},"minecraft:mined":{"minecraft:light_blue_stained_glass_pane":2,"minecraft:brewing_stand":1,"gravestone:gravestone":6,"minecraft:acacia_log":12,"minecraft:grass_block":3,"minecraft:white_stained_glass":2,"minecraft:furnace":6,"minecraft:iron_ore":24,"minecraft:andesite":5,"minecraft:enchanting_table":1,"minecraft:iron_bars":1,"minecraft:stone":257,"minecraft:acacia_leaves":5,"minecraft:glass_pane":7,"minecraft:cyan_terracotta":1,"minecraft:blue_stained_glass":2,"minecraft:crafting_table":8,"minecraft:torch":1,"minecraft:light_gray_terracotta":9,"minecraft:tall_grass":2,"minecraft:copper_ore":39,"minecraft:cobblestone":1,"minecraft:lapis_ore":5,"minecraft:diorite":9,"minecraft:wall_torch":2,"minecraft:pink_petals":1,"minecraft:seagrass":1,"minecraft:cobblestone_wall":1,"minecraft:smooth_stone_slab":1,"k_turrets:titanium_ore":2,"minecraft:grass":2,"minecraft:oak_log":2,"minecraft:coal_ore":116,"minecraft:gravel":10,"minecraft:dirt":25,"minecraft:cobweb":4,"minecraft:stone_bricks":2,"minecraft:oak_leaves":8},"minecraft:used":{"minecraft:netherite_sword":7,"graveyard:skull_on_pike":5,"minecraft:iron_bars":2,"minecraft:stone_sword":107,"minecraft:dead_tube_coral_block":6,"minecraft:redstone":6,"minecraft:zombie_villager_spawn_egg":3,"minecraft:oak_sign":3,"tacz:gun_smith_table":20,"minecraft:iron_sword":2,"minecraft:cooked_salmon":10,"minecraft:cooked_chicken":2,"minecraft:torch":29,"minecraft:dirt":23,"minecraft:mutton":2,"minecraft:anvil":1,"minecraft:acacia_sapling":1,"minecraft:acacia_button":1,"minecraft:weeping_vines":34,"horror_element_mod:human_remains":3,"minecraft:villager_spawn_egg":2,"minecraft:grass_block":9,"minecraft:birch_sapling":1,"minecraft:birch_hanging_sign":3,"minecraft:spawner":1,"minecraft:iron_helmet":1,"minecraft:iron_boots":1,"horror_element_mod:hanging_corpse_1":2,"minecraft:stone_bricks":6,"flashlight:headlamp_helmet":4,"minecraft:beef":2,"minecraft:oak_sapling":1,"minecraft:furnace":7,"minecraft:egg":2,"minecraft:cooked_beef":4,"minecraft:dead_bubble_coral_block":12,"horror_element_mod:blood_1":13,"minecraft:iron_leggings":1,"graveyard:wither_torso_pile":3,"minecraft:mossy_stone_bricks":4,"horror_element_mod:scientist_body":2,"minecraft:birch_leaves":14,"minecraft:stone_pickaxe":443,"horror_element_mod:phished_head":4,"minecraft:wooden_pickaxe":58,"minecraft:diamond_axe":3,"horror_element_mod:sliced_body":3,"k_turrets:gauss_turret_item":8,"graveyard:skull_with_rib_cage":2,"minecraft:crafting_table":7,"minecraft:white_bed":1,"horror_element_mod:chained_entity":2,"minecraft:piglin_head":2,"graveyard:hanged_skeleton":7,"minecraft:oak_log":1,"minecraft:command_block":10,"minecraft:bread":2,"minecraft:oak_button":11,"waystones:mossy_waystone":1,"minecraft:gravel":15,"horror_element_mod:dead_pig":1,"sons_of_sins:flesh_of_demise":1,"horror_element_mod:hazzmat_body":3,"horror_element_mod:hanging_villager":5,"minecraft:cobblestone":37,"horror_element_mod:rotten_body":4,"minecraft:cooked_porkchop":6,"minecraft:chain":1,"minecraft:smooth_stone_slab":11,"minecraft:oak_hanging_sign":1,"minecraft:splash_potion":1,"horror_element_mod:blood_3":7},"minecraft:picked_up":{"minecraft:crafting_table":8,"minecraft:iron_chestplate":1,"spore:mutated_heart":1,"minecraft:splash_potion":1,"minecraft:chicken":2,"gravestone:obituary":4,"spore:innards":1,"minecraft:string":25,"minecraft:oak_trapdoor":1,"minecraft:raw_copper":139,"minecraft:iron_leggings":1,"tacz:ammo":720,"minecraft:deepslate_tiles":2,"minecraft:beef":4,"minecraft:minecart":1,"minecraft:birch_sapling":1,"minecraft:furnace":6,"minecraft:iron_boots":1,"minecraft:egg":2,"minecraft:stick":37,"minecraft:raw_iron":22,"minecraft:copper_ingot":10,"minecraft:torch":4,"minecraft:acacia_log":12,"minecraft:porkchop":21,"minecraft:diorite":9,"minecraft:arrow":13,"minecraft:weeping_vines":13,"minecraft:rotten_flesh":7,"minecraft:beetroot_seeds":6,"k_turrets:raw_titanium":2,"minecraft:cyan_terracotta":1,"minecraft:saddle":1,"spore:tendons":4,"minecraft:mutton":2,"minecraft:white_wool":5,"minecraft:cobblestone":245,"minecraft:pink_petals":2,"minecraft:feather":1,"minecraft:cooked_beef":2,"minecraft:andesite":5,"minecraft:salmon":40,"minecraft:leather":8,"minecraft:golden_leggings":1,"spore:living_chest":1,"minecraft:oak_log":2,"minecraft:cobblestone_wall":2,"minecraft:golden_boots":1,"minecraft:gunpowder":17,"minecraft:lapis_lazuli":23,"minecraft:dirt":34,"minecraft:bone":13,"minecraft:stone_bricks":5,"minecraft:bow":1,"minecraft:wheat_seeds":1,"minecraft:iron_ingot":51,"spore:mutated_fiber":11,"minecraft:acacia_sapling":2,"minecraft:iron_sword":1,"minecraft:oak_planks":68,"spore:armor_fragment":3,"minecraft:gravel":4,"minecraft:ink_sac":1,"minecraft:spider_eye":2,"sons_of_sins:flesh_of_demise":1,"spore:claw_fragment":4,"minecraft:pumpkin_seeds":2,"tacz:modern_kinetic_gun":11,"minecraft:writable_book":1,"minecraft:iron_helmet":1,"minecraft:bone_meal":2,"minecraft:cherry_sapling":2,"minecraft:oak_button":3,"spore:spine_fragment":4,"minecraft:oak_sapling":2,"minecraft:black_wool":2,"minecraft:coal":131}},"DataVersion":3465}