{"stats":{"minecraft:used":{"graveyard:hanged_skeleton":7,"minecraft:spawner":1,"minecraft:gravel":1,"flashlight:headlamp_helmet":4,"k_turrets:gauss_turret_item":8,"horror_element_mod:hazzmat_body":1},"minecraft:mined":{"minecraft:white_stained_glass":2,"minecraft:gravel":2},"minecraft:killed":{"spore:inf_villager":1,"minecraft:skeleton":3,"minecraft:zombie":4},"minecraft:custom":{"minecraft:time_since_rest":1449,"minecraft:interact_with_furnace":4,"minecraft:sprint_one_cm":81937,"minecraft:damage_taken":550,"minecraft:walk_one_cm":147269,"minecraft:mob_kills":9,"minecraft:drop":3,"minecraft:damage_dealt":124,"minecraft:swim_one_cm":3170,"minecraft:fly_one_cm":243227,"minecraft:open_chest":15,"minecraft:crouch_one_cm":2588,"minecraft:play_time":43428,"minecraft:deaths":4,"minecraft:sneak_time":461,"minecraft:walk_under_water_one_cm":10194,"minecraft:jump":189,"minecraft:leave_game":2,"minecraft:time_since_death":1409,"minecraft:walk_on_water_one_cm":5477,"minecraft:total_world_time":43428,"minecraft:climb_one_cm":5800,"minecraft:fall_one_cm":4735},"minecraft:picked_up":{"spore:mutated_heart":1,"minecraft:golden_leggings":1,"minecraft:gravel":2,"gravestone:obituary":1,"minecraft:golden_boots":1,"minecraft:gunpowder":10,"minecraft:string":1,"minecraft:bone":6,"minecraft:pumpkin_seeds":2,"minecraft:arrow":7,"minecraft:rotten_flesh":6,"minecraft:beetroot_seeds":6,"minecraft:saddle":1,"spore:mutated_fiber":3,"minecraft:coal":2},"minecraft:dropped":{"gravestone:obituary":2,"spore:mutated_heart":1}},"DataVersion":3465}