{"stats":{"minecraft:picked_up":{"minecraft:wheat_seeds":7},"minecraft:used":{"minecraft:oak_log":1,"minecraft:ravager_spawn_egg":1},"minecraft:dropped":{"minecraft:wheat_seeds":7,"minecraft:oak_log":1,"tacz:attachment":1},"minecraft:killed":{"minecraft:sheep":2,"minecraft:horse":2,"minecraft:pig":1,"minecraft:witch":1,"minecraft:ravager":1,"minecraft:cow":2},"minecraft:custom":{"minecraft:time_since_rest":46608,"minecraft:crouch_one_cm":201,"minecraft:play_time":46608,"minecraft:sprint_one_cm":6153,"minecraft:walk_one_cm":36642,"minecraft:sneak_time":1286,"minecraft:trigger_trapped_chest":1,"minecraft:mob_kills":9,"minecraft:drop":9,"minecraft:jump":91,"minecraft:leave_game":1,"minecraft:time_since_death":46608,"minecraft:walk_on_water_one_cm":250,"minecraft:total_world_time":46608,"minecraft:climb_one_cm":2693,"minecraft:fall_one_cm":209,"minecraft:fly_one_cm":1096522}},"DataVersion":3465}