{"stats":{"minecraft:crafted":{"minecraft:oak_planks":4},"minecraft:used":{"minecraft:writable_book":6,"minecraft:grass_block":1,"minecraft:lectern":5,"minecraft:zombie_spawn_egg":18,"minecraft:golden_carrot":2,"minecraft:chain":2,"minecraft:oak_hanging_sign":1},"minecraft:mined":{"minecraft:oak_log":1,"minecraft:oak_leaves":2},"minecraft:killed":{"minecraft:sheep":3,"minecraft:zombie":14,"spore:inf_human":7,"minecraft:zombie_villager":1,"minecraft:spider":2,"minecraft:creeper":1,"minecraft:cow":1},"minecraft:custom":{"minecraft:time_since_rest":276,"minecraft:sprint_one_cm":8553,"minecraft:damage_taken":470,"minecraft:walk_one_cm":227128,"minecraft:mob_kills":29,"minecraft:drop":6,"minecraft:swim_one_cm":8799,"minecraft:fly_one_cm":17831,"minecraft:crouch_one_cm":1492,"minecraft:play_time":71353,"minecraft:deaths":2,"minecraft:sneak_time":287,"minecraft:walk_under_water_one_cm":3535,"minecraft:interact_with_lectern":5,"minecraft:jump":174,"minecraft:leave_game":3,"minecraft:walk_on_water_one_cm":221,"minecraft:time_since_death":244,"minecraft:climb_one_cm":292,"minecraft:total_world_time":71353,"minecraft:fall_one_cm":2881},"minecraft:picked_up":{"minecraft:golden_carrot":8,"minecraft:leather_leggings":1,"minecraft:oak_log":1,"minecraft:spider_eye":2,"minecraft:string":2,"minecraft:weeping_vines":4,"minecraft:rotten_flesh":5,"tacz:modern_kinetic_gun":1,"minecraft:writable_book":3,"spore:mutated_fiber":5,"spore:living_helmet":1,"minecraft:mutton":5,"minecraft:white_wool":3},"minecraft:dropped":{"spore:living_boots":1,"spore:living_chest":1,"spore:living_helmet":2,"tacz:modern_kinetic_gun":1,"spore:living_pants":1}},"DataVersion":3465}