{"stats":{"minecraft:killed_by":{"spore:slasher":5,"minecraft:creeper":2,"spore:knight":1,"spore:inf_wanderer":1,"minecraft:skeleton":4,"minecraft:zombie":2,"spore:stalker":1},"minecraft:custom":{"minecraft:mob_kills":67,"minecraft:interact_with_crafting_table":12,"minecraft:interact_with_campfire":7,"minecraft:leave_game":6,"minecraft:time_since_death":12236,"minecraft:climb_one_cm":7927,"minecraft:sprint_one_cm":342779,"minecraft:walk_one_cm":1049406,"minecraft:drop":46,"minecraft:play_time":218673,"minecraft:deaths":18,"minecraft:sneak_time":1319,"minecraft:walk_under_water_one_cm":18174,"minecraft:interact_with_lectern":9,"minecraft:jump":1355,"minecraft:interact_with_brewingstand":1,"minecraft:walk_on_water_one_cm":29364,"minecraft:total_world_time":218673,"minecraft:interact_with_furnace":28,"minecraft:time_since_rest":12268,"minecraft:waystone_activated":1,"minecraft:damage_taken":5949,"minecraft:damage_dealt":1277,"minecraft:swim_one_cm":30891,"minecraft:fly_one_cm":89333,"minecraft:open_chest":19,"minecraft:crouch_one_cm":7007,"minecraft:fall_one_cm":30102},"minecraft:dropped":{"minecraft:iron_ingot":27,"minecraft:bread":2,"minecraft:birch_planks":16,"minecraft:wheat_seeds":4,"minecraft:copper_ingot":20,"minecraft:coal":3,"spore:living_boots":1,"spore:living_chest":1,"minecraft:cooked_salmon":1,"gravestone:obituary":20,"tacz:modern_kinetic_gun":1,"minecraft:pink_petals":4,"minecraft:white_wool":1,"minecraft:bone":5,"minecraft:birch_sapling":1,"spore:living_helmet":2,"minecraft:cooked_mutton":3,"minecraft:gunpowder":2,"minecraft:wooden_pickaxe":1,"spore:living_pants":1},"minecraft:crafted":{"minecraft:cherry_planks":24,"minecraft:wooden_sword":1,"minecraft:oak_planks":4,"minecraft:cooked_mutton":6,"minecraft:cooked_beef":6,"minecraft:wooden_pickaxe":1,"minecraft:cooked_salmon":13,"minecraft:birch_planks":44,"minecraft:air":0,"minecraft:wooden_axe":1},"minecraft:killed":{"minecraft:spider":3,"minecraft:skeleton":3,"minecraft:chicken":4,"minecraft:pig":1,"spore:stalker":1,"minecraft:zombie_villager":1,"minecraft:salmon":12,"minecraft:creeper":4,"spore:inf_pillager":2,"minecraft:sheep":5,"minecraft:zombie":18,"spore:inf_human":9,"spore:knight":1,"spore:slasher":1,"minecraft:cow":2},"minecraft:mined":{"minecraft:blue_stained_glass_pane":4,"minecraft:cherry_log":6,"gravestone:gravestone":14,"minecraft:grass_block":24,"minecraft:white_stained_glass":4,"minecraft:tall_seagrass":2,"minecraft:redstone_ore":8,"minecraft:iron_ore":12,"minecraft:andesite":16,"minecraft:bookshelf":4,"minecraft:deepslate_iron_ore":2,"minecraft:stone":167,"horror_element_mod:dead_experiment":2,"minecraft:glass_pane":2,"horror_element_mod:dead_pig":1,"minecraft:crafting_table":5,"minecraft:torch":3,"minecraft:cobblestone":1,"minecraft:tall_grass":1,"minecraft:copper_ore":17,"minecraft:oak_planks":3,"minecraft:wall_torch":1,"minecraft:pink_petals":1,"minecraft:seagrass":1,"minecraft:birch_log":11,"minecraft:birch_leaves":1,"minecraft:grass":13,"minecraft:coal_ore":23,"minecraft:oak_log":7,"minecraft:cherry_leaves":1,"minecraft:dirt":3,"graveyard:wither_torso_pile":1,"minecraft:oak_leaves":6,"minecraft:deepslate":2},"minecraft:used":{"minecraft:cherry_sapling":2,"minecraft:writable_book":6,"minecraft:zombie_spawn_egg":18,"minecraft:cooked_salmon":2,"minecraft:torch":6,"minecraft:dirt":14,"minecraft:wooden_axe":3,"minecraft:grass_block":1,"minecraft:birch_sapling":8,"minecraft:golden_carrot":2,"minecraft:egg":1,"minecraft:cooked_beef":5,"minecraft:cooked_mutton":3,"minecraft:wooden_pickaxe":54,"minecraft:golden_apple":1,"minecraft:crafting_table":2,"minecraft:bread":1,"minecraft:iron_pickaxe":211,"minecraft:lectern":5,"minecraft:wooden_sword":34,"minecraft:cobblestone":5,"minecraft:cooked_porkchop":2,"minecraft:andesite":6,"minecraft:chain":2,"minecraft:oak_hanging_sign":1},"minecraft:picked_up":{"minecraft:iron_chestplate":1,"spore:mutated_heart":2,"minecraft:crafting_table":5,"minecraft:chicken":4,"minecraft:leather_leggings":1,"minecraft:wooden_pickaxe":1,"gravestone:obituary":3,"minecraft:string":6,"minecraft:raw_copper":53,"minecraft:cooked_salmon":5,"tacz:ammo":540,"minecraft:deepslate_tiles":1,"minecraft:cobbled_deepslate":2,"minecraft:beef":1,"minecraft:iron_pickaxe":2,"spore:living_helmet":1,"minecraft:birch_sapling":8,"minecraft:iron_boots":1,"minecraft:egg":1,"minecraft:raw_iron":14,"minecraft:stick":23,"minecraft:copper_ingot":10,"minecraft:torch":38,"minecraft:porkchop":3,"minecraft:cherry_log":6,"minecraft:redstone":36,"minecraft:weeping_vines":4,"minecraft:arrow":8,"minecraft:rotten_flesh":28,"minecraft:mutton":7,"minecraft:white_wool":5,"minecraft:cobblestone":166,"minecraft:birch_log":11,"minecraft:pink_petals":4,"minecraft:feather":2,"minecraft:golden_carrot":8,"minecraft:iron_door":2,"minecraft:andesite":16,"minecraft:salmon":17,"minecraft:leather":2,"minecraft:oak_log":6,"minecraft:gunpowder":7,"minecraft:dirt":38,"minecraft:cooked_mutton":4,"minecraft:bone":21,"minecraft:wheat_seeds":5,"minecraft:iron_ingot":7,"spore:mutated_fiber":28,"minecraft:mossy_stone_bricks":1,"minecraft:oak_planks":7,"minecraft:book":12,"spore:cerebrum":1,"minecraft:cooked_porkchop":3,"spore:armor_fragment":6,"minecraft:spider_eye":5,"spore:claw_fragment":2,"tacz:modern_kinetic_gun":7,"minecraft:writable_book":3,"minecraft:iron_helmet":1,"minecraft:cherry_sapling":7,"minecraft:bread":4,"spore:spine_fragment":2,"minecraft:coal":23}},"DataVersion":3465}